SYMBOL,NAME,WHITEPAPER
AIDOC,AI Doctor,http://aidoc.me/html/AIDOCWhitepaperv0.777777.pdf
BQ,bitqy,http://bitqy.org/wp-content/uploads/bitqy_whitepaper_v1-4.pdf
CPX,Apex,http://cdn.chinapex.com.cn/med/videos/to/APEX-Development-Plan-eng.pdf
DPY,Delphy,http://delphy.org/src/papers/Delphy_Whitepaper_EN.pdf
MDS,MediShares,http://doc.medishares.org/whitepaper/MediShares.Whitepaper.EN.pdf
PAC,PacCoin,http://download.paccoin.net/PAC_White_Paper_2018_Final.pdf
HPB,High Performance Blockchain,http://gxn.io/files/hpb_white_paper_en.pdf
THC,HempCoin,http://hempcoin.org/whitepaper.pdf
IOTA,IOTA,http://iotatoken.com/IOTA_Whitepaper.pdf
ETP,Metaverse ETP,http://newmetaverse.org/white-paper/Metaverse-whitepaper-v3.0-EN.pdf
PRA,Prochain,http://oucxb2pew.bkt.clouddn.com/ProChain_EN.pdf
XPM,Primecoin,http://primecoin.io/bin/primecoin-paper.pdf
PZM,Prizm,http://prizm.club/wp-content/uploads/2018/05/WP-PRIZM-2018-ENG.pdf
R,Revain,http://revain.org/pdf/wp/en-wp.pdf
UGC,ugChain,http://static.ugchain.org/WhitepaperUGC-Whitepaper-7.7-EN.pdf
SUB,Substratum,http://substratum.net/wp-content/uploads/2017/08/substratum_whitepaper.pdf
KRM,Karma,http://tge.karmainternational.com/documents/karma-whitepaper.pdf
REP,Augur,http://www.augur.net/whitepaper.pdf
CTXC,Cortex,http://www.cortexlabs.ai/Cortex_AI_on_Blockchain_EN.pdf
GRS,Groestlcoin,http://www.groestl.info/groestl-implementation-guide.pdf
OCN,Odyssey,http://www.ocoins.cc/pdf/ODYSSEY+WHITEPAPER+V1.3+EN.pdf
XSH,SHIELD,http://www.shieldx.sh/SHIELD.docx.pdf
TCT,TokenClub,http://www.tokenclub.com/about/assets/TokenClub_e.pdf
XDN,DigitalNote,http://xdndigitalnote.com/wp-content/uploads/2017/07/whitepaper.pdf
ZEC,Zcash,http://zerocash-project.org/media/pdf/zerocash-extended-20140518.pdf
ZRX,0x,https://0xproject.com/pdfs/0x_white_paper.pdf
ADT,adToken,https://adtoken.com/uploads/white-paper.pdf
AE,Aeternity,https://aeternity.com/aeternity-blockchain-whitepaper.pdf
AION,Aion,https://aion.network/media/en-aion-network-technical-introduction.pdf
AMB,Ambrosus,https://ambrosus.com/assets/-White-Paper-V8-1.pdf
APIS,APIS,https://apisplatform.io/whitepaper.en.pdf
APPC,AppCoins,https://appcoins.io/pdf/appcoins_whitepaper.pdf
ARK,Ark,https://ark.io/Whitepaper.pdf
KCS,KuCoin Shares,https://assets.kucoin.com/kucoin_whitepaper_en.pdf
ATN,ATN,https://atn.io/system/whitepaper-en.pdf
AURA,Aurora DAO,https://auroradao.com/assets/Aurora-Labs-Whitepaper-V0.9.5.pdf
BKX,Bankex,https://bankex.com/en/whitepaper.pdf
BAT,Basic Attention Token,https://basicattentiontoken.org/BasicAttentionTokenWhitePaper-4.pdf
BFT,Bnk To The Future,https://bf-token.bnktothefuture.com/pdf/whitepaper.pdf
CREDO,Credo,https://bitbounce.com/whitepaper.pdf
BTC,Bitcoin,https://bitcoin.org/bitcoin.pdf
BTG,Bitcoin Gold,https://bitcoingold.org/wp-content/uploads/2017/10/BitcoinGold-Roadmap.pdf
RNTB,BitRent,https://bitrent.io/wp-content/uploads/2017/10/WP_Bitrent_en1.pdf
BLK,BlackCoin,https://blackcoin.co/blackcoin-pos-protocol-v2-whitepaper.pdf
BMC,Blackmoon,https://blackmoonplatform.com/content/bmc_whitepaper.pdf
VEE,BLOCKv,https://blockv.io/documents/whitepaper.pdf
BBR,Boolberry,https://boolberry.com/files/whitepaper.pdf
BOS,BOScoin,https://boscoin.io/wp-content/themes/boscoin/src/pdf/BOScoinWhitePaper.pdf
BTCD,BitcoinDark,https://bravenewcoin.com/assets/Whitepapers/Bitcoin-DarkPaper.pdf
XEL,Elastic,https://bravenewcoin.com/assets/Whitepapers/Elastic-Project-The-Decentralized-Supercomputer.pdf
LUN,Lunyr,https://bravenewcoin.com/assets/Whitepapers/Lunyr-WhitePaper-ENG.pdf
MLN,Melon,https://bravenewcoin.com/assets/Whitepapers/melonprotocol.pdf
MCO,Monaco,https://bravenewcoin.com/assets/Whitepapers/monaco-whitepaper.pdf
PASC,Pascal Coin,https://bravenewcoin.com/assets/Whitepapers/PascalCoin-White-Paper-EN.pdf
VTC,Vertcoin,https://bravenewcoin.com/assets/Whitepapers/Vertcoin-by-David-Muller.pdf
VIB,Viberate,https://bravenewcoin.com/assets/Whitepapers/Viberate-ICO-Whitepaper.pdf
BTCP,Bitcoin Private,https://btcprivate.org/whitepaper.pdf
GBYTE,Byteball Bytes,https://byteball.org/Byteball.pdf
BCN,Bytecoin,https://bytecoin.org/resources/whitepaper.pdf
CAS,Cashaa,https://cashaa.com/pdf/Cashaa_WP.pdf
C20,CRYPTO20,https://cdn.crypto20.com/pdf/c20-whitepaper.pdf
MTC,Docademic,https://cdn.docademic.com/documents/Docademic+ICO+White+Paper.pdf
OMG,OmiseGO,https://cdn.omise.co/omg/whitepaper.pdf
FAIR,FairCoin,https://chain.fair-coin.org/download/FairCoin2-white-paper-V1.1.pdf
TIME,Chronobank,https://chronobank.io/files/whitepaper.pdf
CND,Cindicator,https://cindicator.com/Cindicator_WhitePaper_en.pdf
CFI,Cofound.it,https://cofounditmedia.s3-eu-west-1.amazonaws.com/documents/Cofound.it_business_plan_Na27itB.pdf
COLX,Colossus XT,https://colossusxt.io/wp-content/uploads/2018/03/Whitepaper_ColossuxXT_20180325.pdf
ATOM,Cosmos,https://cosmos.network/cosmos-whitepaper.pdf
1ST,FirstBlood,https://coss.io/documents/white-papers/first-blood.pdf
ICN,Iconomi,https://coss.io/documents/white-papers/iconomi.pdf
SNGLS,SingularDTV,https://coss.io/documents/white-papers/singulardtv.pdf
CS,Credits,https://credits.com/Content/Docs/TechnicalWhitePaperCREDITSEng.pdf
STQ,Storiqa,https://crowdsale.storiqa.com/static/docs/TS-white-paper-EN.pdf
CRW,Crown,https://crown.tech/wp-content/uploads/2018/04/CRW2.0-Introduction-Features.pdf
SAN,Santiment Network,https://cryptoactu.com/uploads/2017/09/Santiment-Whitepaper-v7.pdf
XMR,Monero,https://cryptonote.org/whitepaper.pdf
CUBE,Cube,https://cubeint.io/CUBEWhite_Paper-V1.3.pdf
SXDT,Spectre.ai,https://d1zzssn32v8b7a.cloudfront.net/media/en/spectre_whitepaper_v_2_3.pdf
BRD,Bread,https://d2n2g5n187q8lu.cloudfront.net/static/docs/BRD-whitepaper-EN.pdf
TAU,Lamden,https://daks2k3a4ib2z.cloudfront.net/599f63af83acb10001bd4583/59d69f806fbb6f000123dbce_lamden-white-paper.pdf
GEN,Daostack,https://daostack.io/wp/DAOstack-White-Paper-en.pdf
DXT,Datawallet,https://datawallet.com/pdf/datawallet_whitepaper.pdf
DAT,Datum,https://datum.org/assets/Datum-WhitePaper.pdf
MANA,Decentraland,https://decentraland.org/whitepaper.pdf
ONION,DeepOnion,https://deeponion.org/White-Paper.pdf
DCN,Dentacoin,https://dentacoin.com/web/white-paper/Whitepaper-en1.pdf
DGD,DigixDAO,https://digix.global/whitepaper.pdf
DNT,district0x,https://district0x.io/docs/district0x-whitepaper.pdf
DMT,DMarket,https://dmarket.io/assets/documents/DMarket_white_paper_EN.pdf
DLT,Agrello,https://docs.agrello.org/Agrello-Self-Aware_Whitepaper-English.pdf
ICX,ICON,https://docs.icon.foundation/ICON-Whitepaper-EN-Draft.pdf
HTML,HTMLCOIN,https://docs.wixstatic.com/ugd/d420c8_b9d99ea79d644ac783e73561ce4713bf.pdf
ZIL,Zilliqa,https://docs.zilliqa.com/whitepaper.pdf
SKY,Skycoin,https://downloads.skycoin.net/whitepapers/Skycoin-Whitepaper-v1.0.pdf
DRGN,Dragonchain,https://dragonchain.com/dd6d7a464346349a6659b8c1075e6772.pdf
DROP,Dropil,https://dropil.com/wp-content/uploads/2018/01/Dropil_WhitePaper.pdf
ECC,ECC,https://ecc.network/downloads/documents/en/ecc-whitepaper.pdf
EDO,Eidoo,https://eidoo.io/docs/EIDOO_Technology_White_Paper_v_0_2_Draft_EN.pdf
ELEC,Electrify.Asia,https://electrify.asia/wp/Technical-Whitepaper-11-1.pdf
ETN,Electoneum,https://electroneum.com/overview-white-paper.pdf
ENG,Enigma,https://enigma.co/enigma_full.pdf
ENJ,Enjin Coin,https://enjincoin.io/enjincoin_whitepaper.pdf
ADA,Cardano,https://eprint.iacr.org/2016/889.pdf
ETC,Ethereum Classic,https://ethereumclassic.github.io/assets/ETC_Declaration_of_Independence.pdf
FUEL,Etherparty,https://etherparty.com/media/Etherparty_White_Paper_EN.pdf
EXC,Eximchain,https://eximchain.com/Whitepaper%20-%20Eximchain.pdf
FIL,Filecoin,https://filecoin.io/filecoin.pdf
FOTA,Fortuna,https://fortuna-public.s3.amazonaws.com/Fortuna%20Whitepaper%20EN.pdf
PLBT,Polybius,https://foxico.io/static/uploads/wpfile-a5dfb0fbfd3aad1003f0bcdbf8a7aa5c.pdf
FUN,FunFair,https://funfair.io/wp-content/uploads/FunFair-Technical-White-Paper.pdf
FXT,FuzeX,https://fuzex.co/wp-content/uploads/2018/01/FuzeX_whitepaper_20170116_V_1.6..pdf
GAME,GameCredits,https://gamecredits.com/wp-content/uploads/2017/12/Mobilego-Whitepaper-English.pdf
RKT,Rock,https://gbx.gi/token-sales/GBX-Whitepaper.pdf
GEM,Gems,https://gems.org/whitepaper.pdf
GVT,Genesis Vision,https://genesis.vision/white-paper-eng.pdf
BTX,Bitcore,https://github.com/dgcarlosleon/Bitcore_White_Paper_ESP_09_2018/releases/download/Bitcore/Bitcore_Whitepaper_09_2018.pdf
HOT.,Holochain,https://github.com/holochain/holochain-proto/raw/whitepaper/holochain.pdf
PART,Particl,https://github.com/particl/whitepaper/raw/master/decentralized-private-marketplace-draft-0.1.pdf
QRL,Quantum Resistant Ledger,https://github.com/theQRL/Whitepaper/raw/master/QRL_whitepaper.pdf
GNO,Gnosis,https://gnosis.pm/assets/pdf/gnosis-whitepaper.pdf
GNT,Golem,https://golem.network/crowdfunding/Golemwhitepaper.pdf
ELF,Aelf,https://grid.hoopox.com/%C3%A6lf_whitepaper_v1.2.pdf
NLG,Gulden,https://guldenpagina.nl/wp-content/uploads/2017/07/tmp_25790-Gulden_PoW22819007230.pdf
HSR,Hshare,https://h.cash/themes/en/dist/pdf/Hcash+Whitepaper+V0.8.5.pdf
GTO,Gifto,https://h.cdn.pengpengla.com/giftoh5/website-new/1.1.1/assets/GIFTO_Whitepaper_EN.pdf
HAV,Havven,https://havven.io/uploads/havven_whitepaper.pdf
BLT,Bloom,https://hellobloom.io/whitepaper.pdf
KNC,Kyber Network,https://home.kyber.network/assets/KyberNetworkWhitepaper.pdf
HST,Decision Token,https://horizonstate.com/horizon_state_white_paper.pdf
HMQ,Humaniq,https://humaniq.com/pdf/humaniq_wp_english.pdf
MTH,Monetha,https://ico.monetha.io/Monetha_WP.pdf
CPT,Cryptaur,https://icosbull.com/whitepapers/16/Cryptaur_whitepaper.pdf
RLC,iExec RLC,https://iex.ec/whitepaper/iExec-WPv3.0-English.pdf
INK,Ink,https://ink.one/statics/pdf/ink_whitepaper_en.pdf
INS,INS Ecosystem,https://ins.world/INS-ICO-Whitepaper.pdf
INT,Internet Node Token,https://intchain.io/whitepaper/INT-whitepaper-release-EN.pdf
ITC,IoT Chain,https://iotchain.io/whitepaper/ITCWHITEPAPER.pdf
IOTX,IoTeX,https://s3.amazonaws.com/web-iotex-static/home/IoTeX_Whitepaper_1.5_EN.pdf
MGO,MobileGo,https://ipv.nl/uploads/brochures/MobileGo-Whitepaper.pdf
JNT,Jibrel Network,https://jibrel.network/assets/white_paper/Jibrel%20Network%20-%20White%20Paper%20(3rd%20Draft).pdf
KIN,Kin,https://kinecosystem.org/static/files/Kin_Whitepaper_V1_English.pdf
KMD,Komodo,https://komodoplatform.com/wp-content/uploads/2018/03/2018-03-12-Komodo-White-Paper-Full.pdf
LGO,Legolas Exchange,https://lgo.exchange/static//public/legolas-whitepaper-en.pdf?v=13
LINDA,Linda,https://lindacoin.com/pdf/Lindacoin-Whitepaper-current-version.pdf
LYL,LoyalCoin,https://loyalcoin.io/whitepaper.pdf
RHOC,RChain,https://media.readthedocs.org/pdf/rchain-architecture/stable/rchain-architecture.pdf
XP,Experience Points,https://media.xpcoin.io/docs/XP-WhitePaper-v3.pdf
"MED,MEDX",MediBloc,https://medibloc-homepage.oss-us-west-1.aliyuncs.com/whitepaper/medibloc_whitepaper_en.pdf
MTN,Medicalchain,https://medicalchain.com/Medicalchain-Whitepaper-EN.pdf
MEDIC,MedicCoin,https://mediccoin.com/MedicCoinWhitePaper.pdf
SALT,SALT,https://membership.saltlending.com/files/abstract.pdf
MNX,MinexCoin,https://minexcoin.com/html/download/wpeng.pdf
MITH,Mithril,https://mith.io/whitepaper.pdf
MSP,Mothership,https://mothership.cx/documents/whitepaper.pdf
NANJ,NANJCOIN,https://nanjcoin.com/white_paper_en.pdf
NEBL,Neblio,https://nebl.io/wp-content/uploads/2017/07/NeblioWhitepaper.pdf
NAS,Nebulas,https://nebulas.io/docs/NebulasTechnicalWhitepaper.pdf
XEM,NEM,https://nem.io/wp-content/themes/nem/files/NEM_techRef.pdf
NTK,Neurotoken,https://neuromation.io/files/Neuromation_white_paper.pdf
NEXO,Nexo,https://nexo.io/assets/downloads/Nexo-Whitepaper.pdf
NCASH,Nucleus Vision,https://nucleus.vision/mini-whitepaper.pdf?v=1.2.9
ODE,ODEM,https://odem.io/docs/whitepaper/ODEM.IO-Whitepaper.pdf
ONT,Ontology,https://ont.io/wp/Ontology-technology-white-paper-EN.pdf
OCT,OracleChain,https://oraclechain.io/files/oraclechain_white_paper_en.pdf
TRAC,OriginTrail,https://origintrail.io/storage/documents/OriginTrail-White-Paper.pdf
PRL,Oyster,https://oysterprotocol.com/assets/pdf/ShellWhitepaper.pdf
PAYX,Paypex,https://paypex.org/paypex-white-paper.pdf
PPC,Peercoin,https://peercoin.net/assets/paper/peercoin-paper.pdf
PHR,Phore Blockchain,https://phore.io/wp-content/uploads/2018/02/Phore_Blockchain_Whitepaper_v2.2.pdf
PLR,Pillar,https://pillarproject.io/wp-content/uploads/2018/01/Pillar-Gray-Paper.pdf
PIVX,PIVX,https://pivx.org/wp-content/uploads/2017/03/PIVX-purple-paper-Technincal-Notes.pdf
PPT,Populous,https://populous.world/invoice-finance/populous_whitepaper_final_v1.pdf
POWR,Power Ledger,https://powerledger.io/media/Power-Ledger-Whitepaper-v8.pdf
PST,Primas,https://primas.io/pdf/primas-1.3.1-en.pdf
EMC,Emercoin,https://prod.coss.io/documents/white-papers/emercoin.pdf
AGI,SingularityNET,https://public.singularitynet.io/whitepaper.pdf
NPXS,Pundi X,https://pundix.com/pdf/PundiX_Whitepaper_EN_Ver.pdf
PURA,Pura,https://pura.one/wp-content/uploads/2017/11/Pura_Whitepaper_0.2.pdf
QLC,QLINK,https://qlink.mobi/qlink2/res/WhitePaper.pdf
QTUM,Qtum,https://qtum.org/user/pages/03.tech/01.white-papers/Qtum%20Whitepaper.pdf
QKC,QuarkChain,https://quarkchain.io/QUARK%20CHAIN%20Public%20Version%200.3.4.pdf
QUN,QunQun,https://qunqun.io/whitepaper/QunQun_1.8.6_en.pdf
RVN,Ravencoin,https://ravencoin.org/Ravencoin.pdf
REN,Republic Protocol,https://republicprotocol.github.io/whitepaper/republic-whitepaper.pdf
REQ,Request Network,https://request.network/assets/pdf/request_whitepaper.pdf
BAX,BABB,https://resources.getbabb.com/whitepapers/en/babb-whitepaper-short.pdf
STX,Stox,https://resources.stox.com/stox-whitepaper.pdf
WABI,WaBi,https://resources.wacoin.io/WaBI_Whitepaper_ENG.pdf
RCN,Ripio Credit Network,https://ripiocredit.network/wp/RCN%20Whitepaper%20ENG.pdf
XRP,Ripple,https://ripple.com/files/ripple_solutions_guide.pdf
SENT,Sentinel,https://s3-ap-southeast-1.amazonaws.com/sentinelprotocol.io/whitepapers/Sentinel+Protocol+Whitepaper+English.pdf
UTK,UTRUST,https://s3-eu-west-1.amazonaws.com/utrust/whitepaper/en/UTRUST-whitepaper-en-2017-11-02.pdf
STORM,Storm,https://s3.amazonaws.com/cakecodes/pdf/storm_web/STORM_Token_White_Paper_Market_Research_Network_Development_vFINAL_.pdf
DATA,Streamr DATAcoin,https://s3.amazonaws.com/streamr-public/streamr-datacoin-whitepaper-2017-07-25-v1_0.pdf
WAVES,Waves,https://s3.ca-central-1.amazonaws.com/wavesdb.com/images/whitepaper_v0.pdf
THETA,Theta Token,https://s3.us-east-2.amazonaws.com/assets.thetatoken.org/Theta-white-paper-latest.pdf
KEY,Selfkey,https://selfkey.org/wp-content/uploads/2017/11/selfkey-whitepaper-en.pdf
SENC,Sentinel Chain,https://sentinel-chain.org/Sentinel.Chain.Whitepaper.v0_31.1.pdf
SC,Siacoin,https://sia.tech/sia.pdf
SRN,SIRIN LABS Token,https://sirinlabs.com/media/SIRINLABS_-_White_Paper.pdf
SMT,SmartMesh,https://smartmesh.io/SmartMeshWhitePaperEN.pdf
SPANK,SpankChain,https://spankchain.com/static/whitepaper.13abf6d4.pdf
TAAS,TaaS,https://static.taas.fund/media/white_paper/2018/01/29/TaaSWhitepaperv.1.0.pdf
UKG,Unikoin Gold,https://static.unikrn.com/4242/unikrn_bm/doc/whitepaper_en.pdf
BITG,Bitcoin Green,https://static1.squarespace.com/static/5aa6e7c2372b96538f12ae65/t/5ae9428aaa4a990f065aa382/1525236364679/BITG_Whitepaper_May2.pdf
SNT,Status,https://status.im/whitepaper.pdf
SBD,Steem Dollars,https://steem.io/steem-whitepaper.pdf
STEEM,Steem,https://steem.io/SteemWhitePaper.pdf
BNT,Bancor,https://storage.googleapis.com/website-bancor/2018/04/01ba8253-bancor_protocol_whitepaper_en.pdf
STORJ,Storj,https://storj.io/storj.pdf
STRAT,Stratis,https://stratisplatform.com/files/Stratis_Whitepaper.pdf
SNC,SunContract,https://suncontract.org/res/whitepaper.pdf
SWM,Swarm,https://swarmfund.blob.core.windows.net/swarmassets/swarm-whitepaper-v081.pdf
BCO,BridgeCoin,https://sweetbridge.com/public/docs/Sweetbridge-Whitepaper.pdf
AMP,Synereo,https://synereo.com/wp-content/uploads/WhitePaper.pdf
SYS,Syscoin,https://syscoin.org/Syscoin_3.0_Whitepaper__Condensed.pdf
XTZ,Tezos,https://tezos.com/static/papers/white_paper.pdf
HOT,Hydro Protocol,https://thehydrofoundation.com/Hydro-Whitepaper-v0116-en.pdf
TNB,Time New Bank,https://tnb.fund/pdf/TNB_business_white_paper_en.pdf?v=1.0.1
TKN,TokenCard,https://tokencard.io/tokencard_whitepaper.pdf
CVC,Civic,https://tokensale.civic.com/CivicTokenSaleWhitePaper.pdf
PRO,Propy,https://tokensale.propy.com/Propy-White-Paper-17-Jul-2017.pdf
TNT,Tierion,https://tokensale.tierion.com/TierionTokenSaleWhitePaper.pdf
TOMO,TomoChain,https://tomochain.com/docs/technical-whitepaper--1.0.pdf
TNC,Trinity Network Credit,https://trinity.tech/file/WhitePaperDraft.pdf
UUU,U Network,https://u.network/U_whitepaper_en.pdf
POE,Po.et,https://uploads-ssl.webflow.com/5a0c978e0d22aa0001464356/5a7796662b07370001ace7a1_whitepaper.pdf
UP,UpToken,https://uptoken.org/UpToken-whitepaper.pdf
XVG,Verge,https://vergecurrency.com/static/blackpaper/Verge-Anonymity-Centric-CryptoCurrency.pdf
VIBE,VibeHub,https://vibehub.io/VibeHubWhitepaper2017.pdf
WAN,Wanchain,https://wanchain.org/files/Wanchain-Whitepaper-EN-version.pdf
WAX,WAX,https://wax.io/documents/WAX_White_Paper.pdf?1525992718359
WINGS,Wings,https://wingsfoundation.ch/docs/WINGS_Whitepaper_V1.1.2_en.pdf
ACT,Achain,https://www.achain.com/Achain%20Whitepaper%202.0_EN.pdf
ADX,AdEx,https://www.adex.network/adex/AdEx-Whitepaper-v.7.pdf
ACAT,Alphacat,https://www.alphacat.io/Alphacat-WhitePaper_EN.pdf
ABT,Arcblock,https://www.arcblock.io/whitepaper/ico/WhitePaperEnV2.pdf
BANCA,Banca,https://www.banca.world/A_UpLoad/upload_file/20180424/20180424155717_1837.pdf
BIX,Bibox,https://www.bibox365.com/static/pdf/Bibox_Whitepaper_en.pdf
BNB,Binance Coin,https://www.binance.com/resources/ico/Binance_WhitePaper_en.pdf
BCPT,BlockMason,https://www.blockmason.io/cp-whitepaper.pdf
BLOCK,Blocknet,https://www.blocknet.co/wp-content/uploads/2018/04/whitepaper.pdf
TRIG,Triggers,https://www.blocksafefoundation.com/assets/blocksafe_whitepaper_v.1.pdf
BOT,Bodhi,https://www.bodhi.network/file/whitepaper/Bodhi_English_White_Paper.pdf
BRM,BrahmaOS,https://www.brahmaos.io/Brahma_Whitepaper_Latest.pdf
BURST,Burst,https://www.burst-coin.org/wp-content/uploads/2017/07/The-Burst-Dymaxion-1.00.pdf
CENNZ,Centrality,https://www.centrality.ai/wp-content/uploads/2018/01/Centrality-Whitepaper-final-2018020.pdf
CLOAK,CloakCoin,https://www.cloakcoin.com/user/themes/g5_cloak/resources/CloakCoin_Whitepaper_v2.1.pdf
CPC,CPChain,https://www.cpchain.io/CPChain_Whitepaper_English.pdf
CMCT,Crowd Machine,https://www.crowdmachine.com/wp-content/uploads/2017/11/Crowd-Machine-Whitepaper.pdf
CMT,CyberMiles,https://www.cybermiles.io/wp-content/uploads/2018/03/Technical-Whitepaper_en-US.pdf
DATX,DATx,https://www.datx.co/pdf/DATX+WHITEPAPER+(EN)%20V1.0.pdf
DBC,DeepBrain Chain,https://www.deepbrainchain.org/assets/pdf/DeepBrainChainWhitepaper_en.pdf
DEW,DEW,https://www.dewcoin.co/dewcoin-whitepaper.pdf
DIM,Dimcoin,https://www.dimcoin.io/wp-content/themes/dimcoin/images/docs/DIMCOIN-whitepaper.pdf
DIME,Dimecoin,https://www.dimecoinnetwork.com/dime/dimecoin.pdf
DIVX,Divi,https://www.diviproject.org/assets/files/wp-en.pdf
NXT,Nxt,https://www.dropbox.com/s/cbuwrorf672c0yy/NxtWhitepaper_v122_rev4.pdf
ELA,Elastos,https://www.elastos.org/wp-content/uploads/2018/White%20Papers/elastos_whitepaper_en.pdf?_t=1526235330
EVN,Envion,https://www.envion.org/en/download/envion_whitepaper.pdf
ETHOS,Ethos,https://www.ethos.io/Ethos_Whitepaper.pdf
HXX,Hexx,https://www.hexxcoin.net/WP.pdf
HVN,Hive Project,https://www.hive-project.net/whitepapers/Hive_Project_Whitepaper.pdf
IXT,iXledger,https://www.ixledger.com/wp-content/uploads/2017/05/insurex_whitepaper.pdf
ARDR,Ardor,https://www.jelurida.com/sites/default/files/JeluridaWhitepaper.pdf
IGNIS,Ignis,https://www.jelurida.com/sites/default/files/JeluridaWhitepaper.pdf
LEO,LEOcoin,https://www.leocoin.org/media/1027LEOcoinWhitePaper_V2.pdf
LET,LinkEye,https://www.linkeye.com/static/whitePaper/WhitePaperofLinkEye.pdf
LYM,Lympo,https://www.lympo.io/whitepaper-lympo.pdf
ART,Maecenas,https://www.maecenas.co/Maecenas-WhitePaper.pdf
MAN,Matrix AI Network,https://www.matrix.io/html/MATRIXTechnicalWhitePaper.pdf
BITB,Bean Cash,https://www.mercuryprotocol.com/files/Mercury_Protocol_whitepaper.pdf
MTL,Metal,https://www.metalpay.com/assets/pdf/whitepaper.pdf
NXS,Nexus,https://www.nexusearth.com/downloads/nexus-peer-peer.pdf
NKN,NKN,https://www.nkn.org/doc/NKN_Whitepaper.pdf
RNT,OneRoot Network,https://www.oneroot.io/static/pdf/whitepaperEN.pdf
PPP,PayPie,https://www.paypie.com/Content/files/PayPie-Whitepaper-English.pdf
PPY,Peerplays,https://www.peerplays.com/docs/Peerplays_Whitepaper.pdf
POT,PotCoin,https://www.potcoin.com/images/blog-images/PotCoin-4.20.2016.pdf
PRE,Presearch,https://www.presearch.io/uploads/WhitePaper.pdf
RDD,ReddCoin,https://www.reddcoin.com/papers/PoSV.pdf
RPX,Red Pulse,https://www.redpulse.com/static/files/redpulse-whitepaper-v1.11-en.pdf
SSC,SelfSell,https://www.selfsell.com/SelfSellWhitePaperV1.0.pdf
XLM,Stellar,https://www.stellar.org/papers/stellar-consensus-protocol.pdf
TEL,Telcoin,https://www.telco.in/docs/whitepaper.pdf
PAY,TenX,https://www.tenx.tech/whitepaper/tenx_whitepaper_final.pdf
TPAY,TokenPay,https://www.tokenpay.com/whitepaper.pdf
TRUE,TrueChain,https://www.truechain.pro/EnTruechain.pdf
UTNP,Universa,https://www.universa.io/files/whitepaper.pdf?v=1.3
WGR,Wagerr,https://www.wagerr.com/wagerr_whitepaper_v1.pdf
WTC,Waltonchain,https://www.waltonchain.org/doc/Waltonchain-whitepaper_en_20180208.pdf
WICC,WaykiChain,https://www.waykichain.com/Whitepaper_en.pdf
DCT,DECENT,https://www.weusecoins.com/assets/pdf/library/Decentralized%20Open-Source%20Content%20Distribution%20(DECENT)%20whitepaper.pdf
ZCO,Zebi,https://www.zebi.io/assets/wp.pdf
ZPT,Zeepin,https://www.zeepin.io/Zeepin_Whitepaper.pdf
XSN,Stakenet,https://xsncoin.io/Whitepaper_2.0.pdf
XBY,XTRABYTES,https://xtrabytes.global/build/files/whitepaper.pdf
XCZ,Zcoin,https://zcoin.io/wp-content/uploads/2016/11/zerocoinwhitepaper.pdf
ZEN,ZenCash,https://zencash.com/assets/files/Zen-Application-Platform-Whitepaper.pdf
ZOI,Zoin,https://zoinofficial.com/docs/Zoin-Whitepaper.pdf
ZSC,Zeusshield,https://zsc.io/files/ZSC_Whitepaper_en.pdf
UBQ,Ubiq,https://s3.amazonaws.com/cryptocurrency-whitepapers/Ubiq.pdf
AEON,Aeon,https://s3.amazonaws.com/cryptocurrency-whitepapers/Aeon.pdf
ANT,Aragon,https://s3.amazonaws.com/cryptocurrency-whitepapers/Aragon.pdf
ARN,Aeron,https://s3.amazonaws.com/cryptocurrency-whitepapers/Aeron.pdf
AST,AirSwap,https://s3.amazonaws.com/cryptocurrency-whitepapers/AirSwap.pdf
BAY,BitBay,https://s3.amazonaws.com/cryptocurrency-whitepapers/BitBay.pdf
BLZ,Bluzelle,https://s3.amazonaws.com/cryptocurrency-whitepapers/Bluzelle.pdf
BNTY,Bounty0x,https://s3.amazonaws.com/cryptocurrency-whitepapers/Bounty0x.pdf
BTM,Bytom,https://s3.amazonaws.com/cryptocurrency-whitepapers/Bytom.pdf
BTO,Bottos,https://s3.amazonaws.com/cryptocurrency-whitepapers/Bottos.pdf
BTS,BitShares,https://s3.amazonaws.com/cryptocurrency-whitepapers/BitShares.pdf
CDT,Blox,https://s3.amazonaws.com/cryptocurrency-whitepapers/Blox.pdf
CNX,Cryptonex,https://s3.amazonaws.com/cryptocurrency-whitepapers/Cryptonex.pdf
CRPT,Crypterium,https://s3.amazonaws.com/cryptocurrency-whitepapers/Crypterium.pdf
CSC,CasinoCoin,https://s3.amazonaws.com/cryptocurrency-whitepapers/CasinoCoin.pdf
CVT,CyberVein,https://s3.amazonaws.com/cryptocurrency-whitepapers/CyberVein.pdf
DADI,DADI,https://s3.amazonaws.com/cryptocurrency-whitepapers/DADI.pdf
DAI,Dai,https://s3.amazonaws.com/cryptocurrency-whitepapers/Dai.pdf
DASH,Dash,https://s3.amazonaws.com/cryptocurrency-whitepapers/Dash.pdf
DAX,DAEX,https://s3.amazonaws.com/cryptocurrency-whitepapers/DAEX.pdf
DBET,DecentBet,https://s3.amazonaws.com/cryptocurrency-whitepapers/DecentBet.pdf
DCR,Decred,https://s3.amazonaws.com/cryptocurrency-whitepapers/Decred.pdf
DENT,Dent,https://s3.amazonaws.com/cryptocurrency-whitepapers/Dent.pdf
DFN,DFINITY,https://s3.amazonaws.com/cryptocurrency-whitepapers/DFINITY.pdf
DOCK,Dock,https://s3.amazonaws.com/cryptocurrency-whitepapers/Dock.pdf
DOT,Polkadot,https://s3.amazonaws.com/cryptocurrency-whitepapers/Polkadot.pdf
DTA,DATA,https://s3.amazonaws.com/cryptocurrency-whitepapers/DATA.pdf
DTR,Dynamic Trading Rights,https://s3.amazonaws.com/cryptocurrency-whitepapers/Dynamic%20Trading%20Rights.pdf
ECA,Electra,https://s3.amazonaws.com/cryptocurrency-whitepapers/Electra.pdf
EDG,Edgeless,https://s3.amazonaws.com/cryptocurrency-whitepapers/Edgeless.pdf
EOS,EOS,https://s3.amazonaws.com/cryptocurrency-whitepapers/EOS.pdf
ETH,Ethereum,https://s3.amazonaws.com/cryptocurrency-whitepapers/Ethereum.pdf
EVX,Everex,https://s3.amazonaws.com/cryptocurrency-whitepapers/Everex.pdf
FCT,Factom,https://s3.amazonaws.com/cryptocurrency-whitepapers/Factom.pdf
FSN,Fusion,https://s3.amazonaws.com/cryptocurrency-whitepapers/Fusion.pdf
GNX,Genaro Network,https://s3.amazonaws.com/cryptocurrency-whitepapers/Genaro%20Network.pdf
GRID,Grid+,https://s3.amazonaws.com/cryptocurrency-whitepapers/Grid%2B.pdf
GUP,Matchpool,https://s3.amazonaws.com/cryptocurrency-whitepapers/Matchpool.pdf
GXS,GXChain,https://s3.amazonaws.com/cryptocurrency-whitepapers/GXChain.pdf
IHT,IHT Real Estate Protocol,https://s3.amazonaws.com/cryptocurrency-whitepapers/IHT%20Real%20Estate%20Protocol.pdf
ION,Ionomy,https://s3.amazonaws.com/cryptocurrency-whitepapers/Ionomy.pdf
IOST,IOStoken,https://s3.amazonaws.com/cryptocurrency-whitepapers/IOStoken.pdf
KICK,KickCoin,https://s3.amazonaws.com/cryptocurrency-whitepapers/KickCoin.pdf
LEND,ETHLend,https://s3.amazonaws.com/cryptocurrency-whitepapers/ETHLend.pdf
LINK,ChainLink,https://s3.amazonaws.com/cryptocurrency-whitepapers/ChainLink.pdf
LRC,Loopring,https://s3.amazonaws.com/cryptocurrency-whitepapers/Loopring.pdf
LSK,Lisk,https://s3.amazonaws.com/cryptocurrency-whitepapers/Lisk.pdf
MAID,MaidSafe,https://s3.amazonaws.com/cryptocurrency-whitepapers/MaidSafe.pdf
MER,Mercury,https://s3.amazonaws.com/cryptocurrency-whitepapers/Mercury.pdf
MKR,Maker,https://s3.amazonaws.com/cryptocurrency-whitepapers/Maker.pdf
MOBI,Mobius,https://s3.amazonaws.com/cryptocurrency-whitepapers/Mobius.pdf
MOD,Modum,https://s3.amazonaws.com/cryptocurrency-whitepapers/Modum.pdf
MORPH,Morpheus Network,https://s3.amazonaws.com/cryptocurrency-whitepapers/Morpheus%20Network.pdf
NANO,Nano,https://s3.amazonaws.com/cryptocurrency-whitepapers/Nano.pdf
NAV,NavCoin,https://s3.amazonaws.com/cryptocurrency-whitepapers/NavCoin.pdf
NEO,NEO,https://s3.amazonaws.com/cryptocurrency-whitepapers/NEO.pdf
NGC,Naga,https://s3.amazonaws.com/cryptocurrency-whitepapers/Naga.pdf
NKC,Nework,https://s3.amazonaws.com/cryptocurrency-whitepapers/Nework.pdf
NMR,Numeraire,https://s3.amazonaws.com/cryptocurrency-whitepapers/Numeraire.pdf
OST,Simple Token,https://s3.amazonaws.com/cryptocurrency-whitepapers/Simple%20Token.pdf
POA,POA Network,https://s3.amazonaws.com/cryptocurrency-whitepapers/POA%20Network.pdf
POLY,Polymath,https://s3.amazonaws.com/cryptocurrency-whitepapers/Polymath.pdf
QASH,Qash,https://s3.amazonaws.com/cryptocurrency-whitepapers/Qash.pdf
QBT,Qbao,https://s3.amazonaws.com/cryptocurrency-whitepapers/Qbao.pdf
QSP,Quantstamp,https://s3.amazonaws.com/cryptocurrency-whitepapers/Quantstamp.pdf
RFR,Refereum,https://s3.amazonaws.com/cryptocurrency-whitepapers/Refereum.pdf
RUFF,Ruff,https://s3.amazonaws.com/cryptocurrency-whitepapers/Ruff.pdf
SNM,SONM,https://s3.amazonaws.com/cryptocurrency-whitepapers/SONM.pdf
SPC,SpaceChain,https://s3.amazonaws.com/cryptocurrency-whitepapers/SpaceChain.pdf
SPHTX,SophiaTX,https://s3.amazonaws.com/cryptocurrency-whitepapers/SophiaTX.pdf
SWFTC,SwftCoin,https://s3.amazonaws.com/cryptocurrency-whitepapers/SwftCoin.pdf
TEN,Tokenomy,https://s3.amazonaws.com/cryptocurrency-whitepapers/Tokenomy.pdf
TKY,THEKEY,https://s3.amazonaws.com/cryptocurrency-whitepapers/THEKEY.pdf
TRX,TRON,https://s3.amazonaws.com/cryptocurrency-whitepapers/TRON.pdf
TSL,Energo,https://s3.amazonaws.com/cryptocurrency-whitepapers/Energo.pdf
UBT,Unibright,https://s3.amazonaws.com/cryptocurrency-whitepapers/Unibright.pdf
USDT,Tether,https://s3.amazonaws.com/cryptocurrency-whitepapers/Tether.pdf
VEN,VeChain,https://s3.amazonaws.com/cryptocurrency-whitepapers/VeChain.pdf
VIA,Viacoin,https://s3.amazonaws.com/cryptocurrency-whitepapers/Viacoin.pdf
WPR,WePower,https://s3.amazonaws.com/cryptocurrency-whitepapers/WePower.pdf
XAS,Asch,https://s3.amazonaws.com/cryptocurrency-whitepapers/Asch.pdf
XCP,Counterparty,https://s3.amazonaws.com/cryptocurrency-whitepapers/Counterparty.pdf
XDCE,XinFin Coin,https://s3.amazonaws.com/cryptocurrency-whitepapers/XinFin%20Coin.pdf
XIN,Mixin,https://s3.amazonaws.com/cryptocurrency-whitepapers/Mixin.pdf
XWC,WhiteCoin,https://s3.amazonaws.com/cryptocurrency-whitepapers/WhiteCoin.pdf
YOYOW,YOYOW,https://s3.amazonaws.com/cryptocurrency-whitepapers/YOYOW.pdf
ZCL,ZClassic,https://s3.amazonaws.com/cryptocurrency-whitepapers/ZClassic.pdf
GAS,Gas,https://s3.amazonaws.com/cryptocurrency-whitepapers/NEO.pdf
DDD,Scry.info,null
XES,Proxeus,null
LBC,LBRY Credits,null
MUSE,MUSE,null
RDN,Raiden Network,null
EMC2,Einsteinium,null
EOSDAC,eosDAC,null
FTC,Feathercoin,null
MONA,MonaCoin,null
NMC,Namecoin,null
SMART,SmartCash,null
UNO,Unobtanium,null
VERI,Veritaseum,null
LOOM,Loom Network,null
DGB,DigiByte,null
DOGE,Dogecoin,null
COB,Cobinhood,null
GTC,Game.com,null
HT,Huobi Token,null
PEPECASH,Pepe Cash,null
SAFEX,Safe Exchange Coin,null
SLS,SaluS,null
TIO,Trade Token,null
TUSD,TrueUSD,null
BITCNY,bitCNY,null
EKT,EDUCare,null
LCC,LitecoinCash,null
LTC,Litecoin,null
BCD,Bitcoin Diamond,null
BCH,Bitcoin Cash,null
ALI,AiLink Token,http://ailink.in/AiLink_whitepaper.pdf
FYN,FundYourselfNow,http://crowdsale.fundyourselfnow.com/wp-content/uploads/2017/04/FYN-Business_Outline-2017.pdf
TRIO,Tripio,http://d.trip.io/wp/Tripio_Whitepaper_CN.pdf
TAC,Traceability Chain,http://dl.tacblock.com/Traceability_Chain_Whitepaper.pdf
ENT,ENTCash,http://entcash.com/themes/en/dist/pdf/ENT%20white%20paper.pdf
HIT,HitChain,http://hitchain.org/pdf/HitChain-Whitepaper-en.pdf
ING,Iungo,http://iungo.network/wp-content/uploads/2018/09/IUNGO-whitepaper-V1_3.pdf
OF,OFCOIN,http://ofbank.com/static/pdf/ofbank.pdf
SSS,Sharechain,http://sc.gxshares.com/sharechain/ShareChainWhitePaperEnglish.pdf
TV,Ti-Value,http://t.top/file/white-paperV2.0.pdf
VLC,ValueChain,http://valuechain.biz/ValueChain_Whitebook_v.02.pdf
DPN,DIPNET,http://www.dip.network/statics/images/dipnet/tpyrced_en.pdf
EJOY,EJOY,http://www.ejoy.world/white.pdf
INC,Influence Chain,http://www.influencechain.org/upload/whitepaper/Influence_Chain_EN.pdf
INSUR,InsurChain,http://www.insurchain.org/InsurChain-WhitePaper.pdf
KAN,BitKan,http://www.kan.land/static/whitepaper.pdf
MESSE,MESSE TOKEN,http://www.messe.ws/m/english.pdf
MOF,Molecular Future,http://www.molecular.cc/ico/Molecular%20Future_BP-EN.pdf
CHAT,ChatCoin,http://www.openchat.co/whitepaper/OpenChat_en.pdf
YEE,YEE,http://www.yeefoundation.com/yee/white-paper/white-paper-en-V1.0.6.pdf
AAC,Acute Angle Cloud,https://aacdn.3jiaoxing.com/doc/AcuteAngleCloud%2012.14_z_en.pdf
LATX,LatiumX,https://about.latium.org/assets/attachments/whitepaper.pdf
AAA,Abulaba,https://abulaba.co/ABULABA-whitepapper.pdf
ADB,adbank,https://adbank.network/Whitepaper_AdBank2017.pdf
ADH,AdHive,https://adhive.tv/Adhive_whitepaper.pdf
ABL,Airbloc,https://airbloc.org/Airbloc_whitepaper_en_v1.pdf
AIR,AirToken,https://airfox.com/uploads/Spotting_Whitepaper.pdf
APH,Aphelion,https://aphelion.org/website/aphelion/upload/custom/files/aphelion-german-whitepaper.pdf
XUC,Exchange Union,https://api.exchangeunion.com/pdf/en/ExchangeUnion-WhitePaper.pdf
ARCT,ArbitrageCT,https://arbitragect.com/arbitragect_wp_en.pdf
ATB,ATBCoin,https://atbcoin.com/docs/ATBCoin_WhitePapper_EN.pdf
ATL,ATLANT,https://atlant.io/static/docs/Atlant_WP_publish.pdf
ATS,Authorship,https://authorship.com/Authorship-White-Paper.pdf
NIO,Autonio,https://auton.io/uploads/Autonio_Whitepaper_v2.0.pdf
AVT,Aventus,https://aventus.io/doc/whitepaper.pdf
BBC,TraDove B2BCoin,https://bbcoin.tradove.com/doc/TraDove%20Global%20B2B%20Token%20Offering%20White%20Paper.pdf
BETR,BetterBetting,https://betr.org/whitepaper-nov17.pdf
BEZ,Bezop,https://bezop.io/public/paper/whitepaper.pdf
DMD,Diamond,https://bit.diamonds/DMD_WP.pdf
BEN,BitCoen,https://bitcoen.io/Whitepaper.pdf
STU,bitJob,https://bitjob.io/wp-content/uploads/2018/09/BitJobwhitepaper-final1.pdf
BTW,BitWhite,https://bitwhite.org/doc/BTW-WP-en.pdf
TIX,Blocktix,https://blocktix.io/public/doc/blocktix-wp-draft.pdf
BUBO,Budbo,https://budbo.io/budbo-whitepaper.pdf
IOV,Carlive Chain,https://carlive.io/wp/CarLive%20Chain%20WhitePaper-EN-pubic.pdf?v=20180529
BZNT,Bezant,https://cdn.bezant.io/bezant/Bezant_WP.pdf
CAPP,Cappasity,https://cdn.cappasity.com/whitepaper/cappasity_wp_us_7.6.pdf
LA,LATOKEN,https://cdn.latoken.com/common/files/whitepaper/latoken-whitepaper-en.pdf
BERRY,Rentberry,https://cdn.rentberry.com/ico/downloads/Rentberry_Whitepaper_en.pdf
VTHO,VeThor Token,https://cdn.vechain.com/vechainthor_development_plan_and_whitepaper_en_v1.0.pdf
VET,VeChain,https://cdn.vechain.com/vechainthor_development_plan_and_whitepaper_en_v1.0.pdf
CFUN,CFun,https://cfunproject.com/whitepaper/download/CFunWHITEPAPER_EN.pdf
DAY,Chronologic,https://chronologic.network/uploads/Chronologic_Whitepaper.pdf
XCLR,ClearCoin,https://clearcoin.co/wp-content/uploads/2018/01/ClearCoin-1-23.pdf
CLN,Colu Local Network,https://cln.network/wp-content/uploads/pdf/cln_whitepaper.pdf
CNN,Content Neutrality Network,https://cnntoken.io/files/CNN_Whitepaper_en.pdf?v=1
TUBE,BitTube,https://coin.bit.tube/whitepaper.pdf
CBC,CashBet Coin,https://coin.cashbet.com/wp-content/uploads/2018/04/CashBet-Whitepaper-v3.5.pdf
CHP,CoinPoker,https://coinpoker.com/downloads/coinpoker-whitepaper.pdf
SEN,Consensus,https://consensus.ai/whitepaper.pdf
BOX,ContentBox,https://contentbox.one/wp.pdf
COSM,Cosmo Coin,https://cosmochain.io/whitepaper/Cosmochain_Whitepaper(V1.0)_EN.pdf
COV,Covesting,https://covesting.io/static/Covesting_White_Paper.pdf
DICE,Etheroll,https://crowdfund.etheroll.com/etheroll-whitepaper.pdf
DEB,Debitum,https://crowdsale.debitum.network/assets/files/Debitum-White-Paper.pdf
EKO,EchoLink,https://cryptorating.eu/whitepapers/EchoLink/EchoLink_github.pdf
CVCOIN,CVCoin,https://crypviser.network/files/CrypViser_Whitepaper_v.1.2.pdf
AUTO,Cube,https://cubeint.io/CUBEWhite_Paper-V1.3.pdf
CCL,CYCLEAN,https://d3a0tayilhc96r.cloudfront.net/WHITEPAPER_CYCLEAN.pdf
RATING,DPRating,https://darpalrating-northeast-cdn.s3.amazonaws.com/token/Whitepaper-en-0.7.pdf?v0.0.1
DCC,Distributed Credit Chain,https://dcc.finance/file/DCCwhitepaper.pdf
DTH,Dether,https://dether.io/dether-whitepaper.pdf
DGX,Digix Gold Token,https://digix.global/whitepaper.pdf
AUC,Auctus,https://dl.auctus.org/Auctus_Whitepaper.pdf
DOV,Dovu,https://dovu.io/whitepaper.pdf
REM,Remme,https://drive.google.com/file/d/0B1jTRGmj_3khUV9RTERnYzNvaE0/view
OPEN,Open Platform,https://drive.google.com/file/d/0B7ljBZOyjFLkYi0teUN6T3NweU1FUjVnaUVVc2M2SXE2UTI0/view
BAS,BitAsean,https://drive.google.com/file/d/0BwXAiJjk5CQhSU5HZGlkRk9iajg/view
EGC,EverGreenCoin,https://drive.google.com/file/d/1Fkhu1uVkjKx8HPBYEOCf6bkHFKYUdznd/view
LDC,Leadcoin,https://drive.google.com/file/d/1YlZhHsvHuD0K0XRDz_W1M6xdhLvSZPcx/view
DX,DxChain Token,https://dxchain.com/static/assets/docs/DxChain-Whitepaper.pdf
EBST,eBoost,https://eboost.fun/wp-content/uploads/2018/09/eBoost-Whitepaper.pdf
LEDU,Education Ecosystem,https://education-ecosystem.com/static/docs/Education-Ecosystem-White-Paper.pdf
EGT,Egretia,https://egretia.io/static/Egretia_White_Paper_EN_V1.1.pdf
ENGT,Engagement Token,https://engagementtoken.com/Whitepaper.pdf
ERT,Eristica,https://eristica.com/wp/wp_en.pdf
ERO,Eroscoin,https://eroscoin.org/whitepaper.pdf
ESS,Essentia,https://essentia.one/whitepaper_draft.pdf
EBET,EthBet,https://ethbet.io/whitepaper.pdf
ECH,Etherecash,https://etherecash.io/whitepaper/White%20Paper%20V2.0.pdf
FTM,Fantom,https://fantom.foundation/wp-content/uploads/2018/08/Fantom_WhitePaper_English_Latest.pdf
BPT,Blockport,https://files.blockport.io/file/whitepaper.pdf
CPAY,Cryptopay,https://files.cryptopay.me/share/ico_cpay_wp.pdf
MYB,MyBit Token,https://files.mybit.io/files/MyBit_Whitepaper_v3.0.0.pdf
FYP,FlypMe,https://flyp.me/whitepaper.pdf
FLDC,FoldingCoin,https://foldingcoin.net/images/Whitepapers/Folding%20Coin%20White%20Paper%20v2.1.pdf
FDZ,Friendz,https://friendz.io/file/whitepaper_icofriendz.pdf
CAG,Change,https://getchange.com/Whitepaper.pdf
DAG,Constellation,https://github.com/Constellation-Labs/whitepaper-business/blob/master/Constellation%20Labs%20-%20Business%20Whitepaper%20v1.0.pdf
GLD,GoldCoin,https://github.com/goldcoin/wiki/wiki/GoldCoin-Whitepaper
LRN,Loopring [NEO],https://github.com/Loopring/whitepaper/blob/master/en_whitepaper.pdf
MOAC,MOAC,https://github.com/MOACChain/moac-core/raw/master/doc/MOAC%20-%20White%20Paper_%20v1.0%20-%20050218.pdf
GO,GoChain,https://gochain.io/gochain-whitepaper-v2.1.2.pdf
GOT,GoNetwork,https://gonetwork.co/whitepaper_v2.pdf
GRC,GridCoin,https://gridcoin.us/assets/img/whitepaper.pdf
HKN,Hacken,https://hacken.io/wp-content/uploads/WHITEPAPER_2.0.pdf
GARD,Hashgard,https://hashgard-io.oss-cn-hongkong.aliyuncs.com/overview-us.pdf
HER,HeroNode,https://heronode.io/public/whitepapers/whitepaper_en.pdf
HIRE,HireMatch,https://hirematch.io/docs/hirematch-whitepaper.pdf
HWC,HollyWoodCoin,https://hollywoodcoin.us/components/files/White_Paper_eng.pdf
NAVI,Naviaddress,https://ico.naviaddress.com/wp-content/uploads/2017/11/Naviaddress-Whitepaper-v1.0.pdf
SVD,savedroid,https://ico.savedroid.com/savedroid-ico-whitepaper.pdf
TFD,TE-FOOD,https://ico.tefoodint.com/te-food-white-paper.pdf
TDS,TokenDesk,https://ico.tokendesk.io/docs/Whitepaper.pdf
VIT,Vice Industry Token,https://icorating.com/upload/whitepaper/Mz5EoQm0FpZ2G7CLIntwj89cBT2YimwHY3Ylepva.pdf
IND,Indorse Token,https://indorse.io/static/media/Indorse-Whitepaper-v1.1.a733cc8e.pdf
DIT,Digital Insurance Token,https://inmediate.io/Inmediate_Whitepaper.pdf
J8T,JET8,https://jet8.io/downloads/180404_J8T_Whitepaper_ENG.pdf
KIND,Kind Ads Token,https://kindads.io/Content/kind-ads-whitepaper.pdf
PNK,Kleros,https://kleros.io/assets/whitepaper.pdf
STC,StarChain,https://kp-oss-test.oss-cn-shenzhen.aliyuncs.com/stc/StarChain-White-paper.pdf
LALA,LALA World,https://lalaworld.io/whitepaper.pdf
LEV,Leverj,https://leverj.io/whitepaper.pdf
LOCI,LOCIcoin,https://loci.io/wp-content/uploads/2018/02/loci-full-whitepaper.pdf
LOC,LockTrip,https://locktrip.com/whitepaper_v1.2_t.pdf
MRK,MARK.SPACE,https://mark.space/files/wp/WP_en.pdf
MDT,Measurable Data Token,https://mdt.io/docs/whitepaper.pdf
MVP,Merculet,https://merculet.io/pdf/nav/Merculet_Whitepaper-EN.pdf
MYST,Mysterium,https://mysterium.network/whitepaper.pdf
NAM,NAM COIN,https://namchain.net/whitepaper/EN_whitepaper_20180728134338.pdf
NEU,Neumark,https://neufund.org/cms_resources/whitepaper.pdf
NDC,NEVERDIE,https://neverdie.com/wp/NDC-TPT-ICO-Whitepaper-v-1-eng.pdf
NOAH,Noah Coin,https://noahcoin.org/wp-content/uploads/2018/02/Feb_12_New_UpdateLegal_Disclaimer.pdf
NLC2,NoLimitCoin,https://nolimitcoin.org/NoLimitCoinWhitepaper.pdf
NULS,Nuls,https://nuls.io/api/v1/download/files/papers/white/NulsWhitepaper1.1.pdf
OC,OceanChain,https://oceanchain.club/static/pdf/OceanChainEnglish.pdf
ONL,On.Live,https://on.live/documents/OnLive_Whitepaper.pdf
OLT,OneLedger,https://oneledger.io/whitepaper/oneledger-whitepaper.en.pdf
OXY,Oxycoin,https://oxycoin.io/downloads/oxycoin-whitepaper-2.1.pdf
SHL,Oyster Shell,https://oysterdev.wpengine.com/wp-content/uploads/2018/07/ShellWhitepaper.pdf
PRG,Paragon,https://paragoncoin.com/whitepaper.pdf
PAT,Patron,https://patron-ico.io/doc/patron-wp-en-01-20180423.pdf
PMNT,Paymon,https://paymon.org/assets/main/index/docs/White_Paper_version_2_0_eng.pdf
XNK,Ink Protocol,https://paywithink.com/wp-content/uploads/2018/07/Ink_Protocol_Whitepaper_V9_Listia_Inc.pdf
PCL,Peculium,https://peculium.io/sites/default/files/PDF/White_paper.pdf
SOUL,Phantasma,https://phantasma.io/phantasma_whitepaper.pdf
LUC,Level Up Coin,https://play2live.io/storage/b/2/Whitepaper_eng.pdf
PLU,Pluton,https://plutus.it/public/white-paper.pdf
NCT,PolySwarm,https://polyswarm.io/polyswarm-whitepaper.pdf
PCH,POPCHAIN,https://popchain.org/whitepaper/POPCHAIN_WHITEPAPER_EN.pdf
VOCO,Provoco Token,https://provoco.me/wp-content/uploads/2018/05/whitepaper.pdf
PUT,PutinCoin,https://putincoin.org/putincoin.pdf
RADS,Radium,https://radiumcore.org/wp-content/uploads/2018/06/Radium-Core-White-Paper-REV_060618.pdf
REF,RefToken,https://reftoken.io/uploads/reftoken-whitepaper-5.6.pdf
RPM,Repme,https://repme.io/whitepaper.pdf
MWAT,Restart Energy MWAT,https://restartenergy.io/Restart_Energy_Whitepaper.pdf
ROX,Robotina,https://robotinarox.io/wp-content/uploads/2018/07/Robotina_WP.pdf
GSC,Global Social Chain,https://s3-ap-northeast-1.amazonaws.com/gscmedia/gsc_whitepaper_en.pdf
PLAY,HEROcoin,https://s3-cdn.herocoin.io/HERO_Whitepaper.pdf
UPP,Sentinel Protocol,https://sentinelprotocol.io/whitepaper
SHIP,ShipChain,https://shipchain.io/shipchain-whitepaper.pdf
SKIN,SkinCoin,https://skincoin.org/whitepaper.pdf
SKM,Skrumble Network,https://skrumble.network/wp-content/uploads/2018/10/18-10-30-Whitepaper_ENG.pdf
SCL,Sociall,https://sociall.io/whitepaper.pdf
SOP,SoPay,https://sopay.org/wp-content/uploads/SoPay-whitepaper-en-latest.pdf
SPF,SportyCo,https://sportyco.io/SPORTYFI-Whitepaper.pdf
PAX,Paxos Standard Token,https://standard.paxos.com/whitepaper.pdf
STAR,Starbase,https://starbase.co/whitepaper
SDA,Six Domain Chain,https://static.sdchain.io/files/SDChain_Whitepaper_EN.pdf
STK,STK,https://stktoken.com/STK_whitepaper_en.pdf
SUR,Suretly,https://suretly.com/docs/Suretly_whitepaper_v1.2.pdf
CHSB,SwissBorg,https://swissborg.com/files/swissborg-technical-whitepaper.pdf
SWTH,Switcheo,https://switcheo.network/whitepaper_v1.pdf
TTU,TaTaTu,https://tatatutoken.io/wp-content/uploads/2018/05/white_paper_2018.pdf
MITX,Morpheus Labs,https://token.morpheuslabs.io/assets/documents/WhitePaper.pdf
SNOV,Snovio,https://token.snov.io/docs/WhitePaperEn.pdf
ZINC,ZINC,https://token.zinc.work/whitepaper.pdf
FLP,FLIP,https://tokensale.gameflip.com/static/Gameflip_whitepaper.pdf
PBL,Publica,https://tokensale.publica.com/whitepapers/summary.pdf
ACE,Ace,https://tokenstars.com/upload/files/ace_by_tokenstars_whitepaper.pdf
TEAM,TokenStars,https://tokenstars.com/upload/files/ace_by_tokenstars_whitepaper.pdf
TFL,TrueFlip,https://trueflip.io/TrueFlip_WP.pdf
TTT,TrustNote,https://trustnote.org/TrustNote-WhitePaper.pdf
UT,Ulord,https://ulord.one/whitepaper/web/whitepaper_zh.pdf
ATMI,Atonomi,https://uploads-ssl.webflow.com/5a9f110b6e90d20001b2307d/5aa600a2dc199e000140f98a_Atonomi-Network-White-Paper-v0.9.1.3s%20(1).pdf
LST,Lendroid Support Token,https://uploads-ssl.webflow.com/5b3d0e23faf03c5dc943df64/5b3d0e23faf03c96e243df86_whitepaper-margin-trading-2-18.pdf
VCT,ValueCyberToken,https://valuecyber.org/doc/ValueCyber_WhitePaper.pdf
IPL,InsurePal,https://vouchforme.co/vfm_whitepaper_preview.pdf
WWB,Wowbit,https://wowoonet.com/pdf/wp_wwb_e_v201.pdf
AID,AidCoin,https://www.aidcoin.co/assets/documents/whitepaper.pdf
SOC,All Sports,https://www.allsportschain.com/paper/all_sports_blockchain_open_platform_white_paper.pdf
ABY,ArtByte,https://www.artbyte.me/wp-content/uploads/2018/03/ArtByte_Presentation_2018.pdf
DTB,Databits,https://www.augmentorsgame.com/wp-content/uploads/2017/11/22112017-DatabitsWhitepaper-v2.0-.pdf
AOA,Aurora,https://www.aurorachain.io/Aurora%20Chain%20white%20paper%20EN.pdf
BHPC,BHPCash,https://www.bhpcash.io/bhpc/pdf/BankofHashPowerwhitepaper(En)V3.0.pdf
BOE,Bodhi [ETH],https://www.bodhi.network/file/Bodhi_English_White_Paper.pdf
CV,carVertical,https://www.carvertical.com/files/carvertical-whitepaper.pdf
USDC,USD//Coin,https://www.centre.io/pdfs/centre-whitepaper.pdf
POLL,ClearPoll,https://www.clearpoll.io/downloads/ClearPoll-Whitepaper.pdf
CBT,CommerceBlock,https://www.commerceblock.com/wp-content/uploads/2018/03/commerceblock-whitepaper-ps.pdf
COSS,COSS,https://www.coss.io/documents/coss-whitepaper.pdf
2GIVE,2GIVE,https://www.cryptoground.com/storage/files/1527937665-givecoin.pdf
NTO,Fujinto,https://www.cryptoground.com/storage/files/1528705256-fujint.pdf
WIZ,CrowdWiz,https://www.cryptoground.com/storage/files/1529323775-crowdwiz.pdf
DRPU,DCORP Utility,https://www.dcorp.it/whitepaper
DGTX,Digitex Futures,https://www.digitexfutures.com/whitepaper/Digitex-Whitepaper.v.1.1.pdf
XMY,Myriad,https://www.docdroid.net/8DXF0nP/myriad-white-paper-14.pdf
ELIX,Elixir,https://www.elixirtoken.io/ElixWhitepaper.pdf
ETZ,Ether Zero,https://www.etherzero.org/ETZ%20Whitepaper%20v2.0.pdf
FTI,FansTime,https://www.fanstime.org/FansTime-en.pdf
FTX,FintruX Network,https://www.fintrux.com/home/doc/whitepaper.pdf
GAT,Gatcoin,https://www.gatcoin.io/wp-content/uploads/2018/11/181112v2-Revised-Whitepaper-ENG.pdf
GBX,GoByte,https://www.gobyte.network/docs/GoByte_WhitePaper.pdf
GRMD,GreenMed,https://www.greenmed.io/ico/GreenMed-Whitepaper.pdf
HC,Harvest Masternode Coin,https://www.harvestcoin.org/documents/HMC_WHITEpaper.pdf
HSC,HashCoin,https://www.hashfuture.io/static/images/White_Paper.pdf
XHV,Haven Protocol,https://www.havenprotocol.com/static/media/haven_protocol_whitepaper_v3.0.0.cb09c183.pdf
NUSD,nUSD,https://www.havven.io/uploads/havven_whitepaper.pdf
HQX,HOQU,https://www.hoqu.io/hoqu-whitepaper-en.pdf
HYDRO,Hydrogen,https://www.hydrogenplatform.com/Hydro_Raindrop_White_Paper.pdf
IVY,Ivy,https://www.ivykoin.com/wp-content/uploads/2018/01/2018-ivyKoin-White-Paper-web.pdf
KCASH,Kcash,https://www.kcash.com/doc/KcashWhitePaperEn.pdf
LIFE,LIFE,https://www.lifelabs.io/LIFElabs_whitepaper_2018.pdf
BELA,Bela,https://www.livebela.com/assets/releases/belawhitepaper.pdf
LWF,Local World Forwarders,https://www.lwf.io/docs/lwf_whitepaper_en.pdf
META,Metadium,https://www.metadium.com/whitepaper.html
NBAI,Nebula AI,https://www.nebula-ai.com/whitepaper/NBAI_whitepaper_EN.pdf
OAX,OAX,https://www.oax.org/assets/whitepaper/openANX_White_Paper_ENU.pdf
PAL,PolicyPal Network,https://www.pal.network/whitepaper/PAL_WhitePaper.pdf
PARETO,Pareto Network,https://www.pareto.network/download/Pareto-Technical-White-Paper.pdf
PTT,Proton Token,https://www.proton.global/doc/ProtonNetworkWhitePaper2018.pdf
PMA,PumaPay,https://www.pumapay.io/docs/pumapay_whitepaper.pdf
QNTU,Quanta Utility Token,https://www.quantaplc.im/Quanta.pdf
QAU,Quantum,https://www.quantumproject.org/s/whitepaper.pdf
REBL,REBL,https://www.rebellious.io/external/REBL-Whitepaper-EN.pdf
RVT,Rivetz,https://www.rivetzintl.com/rvt-white-paper-v1.02.pdf
SEER,SEER,https://www.seer.best/download/SEER_en.pdf
SHIFT,Shift,https://www.shiftnrg.org/download/shift-introductory-paper.pdf
TCN,TCOIN,https://www.tcoin.eu/wp-content/uploads/2017/12/WHITEPAPER-V0.2.pdf
ABYSS,The Abyss,https://www.theabyss.com/static/docs/theabyss-whitepaper-en.pdf
TKA,Tokia,https://www.tokia.io/docs/Tokia%20whitepaper.pdf
UBEX,Ubex,https://www.ubex.com/wp/Ubex-Whitepaper-en.pdf
UCT,Ubique Chain Of Things,https://www.ucot.world/wp-content/uploads/2018/11/UCOT-WP-EN2.4.pdf
VRM,VeriumReserve,https://www.vericoin.info/downloads/VeriCoinPoSTWhitePaper10May2015.pdf
VRC,VeriCoin,https://www.vericoin.info/downloads/VeriCoinPoSTWhitePaper10May2015.pdf
VNX,VisionX,https://www.visionx.org/wp-content/uploads/2018/10/VisionXwhitepaper-EngV2.pdf
VITE,VITE,https://www.vite.org/whitepaper/vite_en.pdf
ZAP,Zap,https://www.zap.org/whitepaper.pdf
XAUR,Xaurum,https://xaurum.org/Whitepaper.pdf
ZLA,Zilla,https://zla.io/assets/landingpage/docs/ZILLA_White_Paper_en.pdf
ZRC,ZrCoin,https://zrcoin.io/files/Whitepaper_ENG.pdf
DACC,DACC,http://dacc.co/whitepaper/Dacc.pdf
MNE,Minereum,http://files.minereum.com/minereumwhitepaper.pdf
LMC,LoMoCoin,http://oddv6s088.qnssl.com/white-paper/LoMoStar_Whitepaper_English_V3.pdf
SPR,SpreadCoin,http://spreadcoin.info/downloads/SpreadCoin-WhitePaper.pdf
YOU,YOU COIN,http://static.youchain.cc/YOUchain-Whitepaper-EN-1.2.1.pdf
WILD,Wild Crypto,http://wildtoken.com/wp-content/uploads/2018/01/wildcrypto-whitepaper-eng-2_5.pdf
CIT,CariNet,http://www.carinet.io/CariNet%20White%20Paper.pdf
CDC,Commerce Data Connection,http://www.cdc.tech/wp-content/uploads/2018/06/CDC-whitepaper-en.pdf
CCC,Concierge Coin,http://www.conciergecoin.net/assets/conciergecoinwp.pdf
TOPC,TopChain,http://www.topc.io/topchain-en.pdf
UIP,UnlimitedIP,http://www.unlimitedip.io/UnlimitedIP_WhitePaper.pdf
BGG,Bgogo Token,https://bgogo.com/assets/white-paper/BGG-Token-Whitepaper-v2.0CN.pdf
BCV,BitCapitalVendor,https://bitcv.one/doc/bitcv_whitepaper_en.pdf
BMH,BlockMesh,https://blockmesh.io/pdf/BlockMesh-White_Paper-1.pdf
TKR,CryptoInsight,https://cryptoinsight.io/media/whitepaper.pdf
PING,CryptoPing,https://cryptoping.tech/cp_whitepaper_en.pdf
CCT,Crystal Clear,https://crystal-clear.io/Whitepaper_english.pdf
DAXT,Digital Asset Exchange Token,https://daxt.io/dist/BlockEx-Initial-Coin-Offering-Market-and-Digital-Asset-Exchange-Token-White-Paper-v16.1_en.pdf
TMTG,The Midas Touch Gold,https://dgex.io/img/whitepapers/whitepaper_English.pdf
UBTC,United Bitcoin,https://doc.ubcoin.io/whitepaper.pdf?v1=
TGT,Target Coin,https://docs.wixstatic.com/ugd/c281dc_cc15087e02c6404ba887143d58756769.pdf
EDS,Endorstit,https://eds.ren/doc/white-paper_v3.pdf
GST,Game Stars,https://gamestars.io/img2/wp/GameStarsWP_En.pdf
HYC,HYCON,https://hycon.io/wp-content/uploads/2018/08/whitepaper1.2.2_en.pdf
ICOS,ICOS,https://icos.icobox.io/WhitePaper.pdf
KBC,Karatgold Coin,https://karatgold.io/karatgold-wp.pdf
LEMO,LemoChain,https://lemochip.hellobyebye.com/LemoChain_WhitePaper_v2.3_en.pdf
MXM,Maximine Coin,https://maximine.io/whitepaper/whitepaper_en.pdf
MEETONE,MEET.ONE,https://meet.one/MEETONE_EN.pdf
OPT,Opus,https://opus.audio/whitepaper.pdf
OTN,Open Trading Network,https://otn.org/assets/resources/Open-Trading-Network-white-paper_en.pdf?1538660899261
HAND,ShowHand,https://showhand.io/ShowHand%20Whitepaper_Eng%20v1.1%201.26.2018.pdf
ATM,ATMChain,https://static.atmchain.io/static/english/ATMChain_Whitepaper(Genesis_Edition).pdf
TKS,Tokes,https://tokesplatform.org/TokesPlatform_WhitePaper.pdf
TNS,Transcodium,https://transcodium.com/files/whitepaper.pdf
VLD,Vetri,https://vetri.global/wp-content/themes/vetri/documents/whitepaper.pdf
VOISE,Voise,https://voise.com/whitepaper-voise.pdf
PASS,Blockpass,https://www.blockpass.org/downloads/BlockpassWhitepaper.v1.3.2.pdf
CSM,Consentium,https://www.consentium.net/images/Consentium_Updated_White_Paper_August_2018.pdf
CRB,Creditbit,https://www.creditbit.org/downloads/WHITEPAPER-CREDIT2.0_2FINAL.pdf
DOR,Dorado,https://www.dorado.tech/docs/Dorado-White-Paper.pdf
INDI,Indicoin,https://www.indicoin.org.in/others/documentations/whitepaper.pdf
IPC,IPChain,https://www.ipcchain.org/download/ipchain_whitepaper_english.pdf
SWTC,Jingtum Tech,https://www.jingtum.com/wp-content/themes/jingtum/%E4%BA%95%E9%80%9A%E6%8A%80%E6%9C%AF%E7%99%BD%E7%9A%AE%E4%B9%A6.pdf
PNT,Penta,https://www.penta.global/source/Penta_technology_white_paper_EN_V1.0.24-4.pdf
PROC,ProCurrency,https://www.procommerce.io/static/site/img/Whitepaper_V7-Final.pdf
SHOW,Show,https://www.show.one/pdf/ShowCoinwp-en.pdf
USE,Usechain Token,https://www.usechain.net/usechain_en.pdf
VME,VeriME,https://www.verime.mobi/static/dl/whitepaper.pdf
